scenario,step_index,elapsed_us,clock_micros,pos_steps,driver_pos_steps,total_pulses
original_rate_100,1,10000,10000,1,1,1
original_rate_100,2,20000,20000,2,2,2
original_rate_100,3,30000,30000,3,3,3
original_rate_100,4,40000,40000,4,4,4
original_rate_100,5,50000,50000,5,5,5
original_rate_100,6,60000,60000,6,6,6
original_rate_100,7,70000,70000,7,7,7
original_rate_100,8,80000,80000,8,8,8
original_rate_100,9,90000,90000,9,9,9
original_rate_100,10,100000,100000,10,10,10
original_rate_100,11,110000,110000,11,11,11
original_rate_100,12,120000,120000,12,12,12
original_rate_100,13,130000,130000,13,13,13
original_rate_100,14,140000,140000,14,14,14
original_rate_100,15,150000,150000,15,15,15
original_rate_100,16,160000,160000,16,16,16
original_rate_100,17,170000,170000,17,17,17
original_rate_100,18,180000,180000,18,18,18
original_rate_100,19,190000,190000,19,19,19
original_rate_100,20,200000,200000,20,20,20
original_rate_100,21,210000,210000,21,21,21
original_rate_100,22,220000,220000,22,22,22
original_rate_100,23,230000,230000,23,23,23
original_rate_100,24,240000,240000,24,24,24
original_rate_100,25,250000,250000,25,25,25
original_rate_100,26,260000,260000,26,26,26
original_rate_100,27,270000,270000,27,27,27
original_rate_100,28,280000,280000,28,28,28
original_rate_100,29,290000,290000,29,29,29
original_rate_100,30,300000,300000,30,30,30
original_rate_100,31,310000,310000,31,31,31
original_rate_100,32,320000,320000,32,32,32
original_rate_100,33,330000,330000,33,33,33
original_rate_100,34,340000,340000,34,34,34
original_rate_100,35,350000,350000,35,35,35
original_rate_100,36,360000,360000,36,36,36
original_rate_100,37,370000,370000,37,37,37
original_rate_100,38,380000,380000,38,38,38
original_rate_100,39,390000,390000,39,39,39
original_rate_100,40,400000,400000,40,40,40
original_rate_100,41,410000,410000,41,41,41
original_rate_100,42,420000,420000,42,42,42
original_rate_100,43,430000,430000,43,43,43
original_rate_100,44,440000,440000,44,44,44
original_rate_100,45,450000,450000,45,45,45
original_rate_100,46,460000,460000,46,46,46
original_rate_100,47,470000,470000,47,47,47
original_rate_100,48,480000,480000,48,48,48
original_rate_100,49,490000,490000,49,49,49
original_rate_100,50,500000,500000,50,50,50
original_rate_100,51,510000,510000,51,51,51
original_rate_100,52,520000,520000,52,52,52
original_rate_100,53,530000,530000,53,53,53
original_rate_100,54,540000,540000,54,54,54
original_rate_100,55,550000,550000,55,55,55
original_rate_100,56,560000,560000,56,56,56
original_rate_100,57,570000,570000,57,57,57
original_rate_100,58,580000,580000,58,58,58
original_rate_100,59,590000,590000,59,59,59
original_rate_100,60,600000,600000,60,60,60
original_rate_100,61,610000,610000,61,61,61
original_rate_100,62,620000,620000,62,62,62
original_rate_100,63,630000,630000,63,63,63
original_rate_100,64,640000,640000,64,64,64
original_rate_100,65,650000,650000,65,65,65
original_rate_100,66,660000,660000,66,66,66
original_rate_100,67,670000,670000,67,67,67
original_rate_100,68,680000,680000,68,68,68
original_rate_100,69,690000,690000,69,69,69
original_rate_100,70,700000,700000,70,70,70
original_rate_100,71,710000,710000,71,71,71
original_rate_100,72,720000,720000,72,72,72
original_rate_100,73,730000,730000,73,73,73
original_rate_100,74,740000,740000,74,74,74
original_rate_100,75,750000,750000,75,75,75
original_rate_100,76,760000,760000,76,76,76
original_rate_100,77,770000,770000,77,77,77
original_rate_100,78,780000,780000,78,78,78
original_rate_100,79,790000,790000,79,79,79
original_rate_100,80,800000,800000,80,80,80
original_rate_100,81,810000,810000,81,81,81
original_rate_100,82,820000,820000,82,82,82
original_rate_100,83,830000,830000,83,83,83
original_rate_100,84,840000,840000,84,84,84
original_rate_100,85,850000,850000,85,85,85
original_rate_100,86,860000,860000,86,86,86
original_rate_100,87,870000,870000,87,87,87
original_rate_100,88,880000,880000,88,88,88
original_rate_100,89,890000,890000,89,89,89
original_rate_100,90,900000,900000,90,90,90
original_rate_100,91,910000,910000,91,91,91
original_rate_100,92,920000,920000,92,92,92
original_rate_100,93,930000,930000,93,93,93
original_rate_100,94,940000,940000,94,94,94
original_rate_100,95,950000,950000,95,95,95
original_rate_100,96,960000,960000,96,96,96
original_rate_100,97,970000,970000,97,97,97
original_rate_100,98,980000,980000,98,98,98
original_rate_100,99,990000,990000,99,99,99
original_rate_100,100,1000000,1000000,100,100,100
original_rate_100,101,1010000,1010000,101,101,101
original_rate_100,102,1020000,1020000,102,102,102
original_rate_100,103,1030000,1030000,103,103,103
original_rate_100,104,1040000,1040000,104,104,104
original_rate_100,105,1050000,1050000,105,105,105
original_rate_100,106,1060000,1060000,106,106,106
original_rate_100,107,1070000,1070000,107,107,107
original_rate_100,108,1080000,1080000,108,108,108
original_rate_100,109,1090000,1090000,109,109,109
original_rate_100,110,1100000,1100000,110,110,110
original_rate_100,111,1110000,1110000,111,111,111
original_rate_100,112,1120000,1120000,112,112,112
original_rate_100,113,1130000,1130000,113,113,113
original_rate_100,114,1140000,1140000,114,114,114
original_rate_100,115,1150000,1150000,115,115,115
original_rate_100,116,1160000,1160000,116,116,116
original_rate_100,117,1170000,1170000,117,117,117
original_rate_100,118,1180000,1180000,118,118,118
original_rate_100,119,1190000,1190000,119,119,119
original_rate_100,120,1200000,1200000,120,120,120
original_rate_100,121,1210000,1210000,121,121,121
original_rate_100,122,1220000,1220000,122,122,122
original_rate_100,123,1230000,1230000,123,123,123
original_rate_100,124,1240000,1240000,124,124,124
original_rate_100,125,1250000,1250000,125,125,125
original_rate_100,126,1260000,1260000,126,126,126
original_rate_100,127,1270000,1270000,127,127,127
original_rate_100,128,1280000,1280000,128,128,128
original_rate_100,129,1290000,1290000,129,129,129
original_rate_100,130,1300000,1300000,130,130,130
original_rate_100,131,1310000,1310000,131,131,131
original_rate_100,132,1320000,1320000,132,132,132
original_rate_100,133,1330000,1330000,133,133,133
original_rate_100,134,1340000,1340000,134,134,134
original_rate_100,135,1350000,1350000,135,135,135
original_rate_100,136,1360000,1360000,136,136,136
original_rate_100,137,1370000,1370000,137,137,137
original_rate_100,138,1380000,1380000,138,138,138
original_rate_100,139,1390000,1390000,139,139,139
original_rate_100,140,1400000,1400000,140,140,140
original_rate_100,141,1410000,1410000,141,141,141
original_rate_100,142,1420000,1420000,142,142,142
original_rate_100,143,1430000,1430000,143,143,143
original_rate_100,144,1440000,1440000,144,144,144
original_rate_100,145,1450000,1450000,145,145,145
original_rate_100,146,1460000,1460000,146,146,146
original_rate_100,147,1470000,1470000,147,147,147
original_rate_100,148,1480000,1480000,148,148,148
original_rate_100,149,1490000,1490000,149,149,149
original_rate_100,150,1500000,1500000,150,150,150
original_rate_100,151,1510000,1510000,151,151,151
original_rate_100,152,1520000,1520000,152,152,152
original_rate_100,153,1530000,1530000,153,153,153
original_rate_100,154,1540000,1540000,154,154,154
original_rate_100,155,1550000,1550000,155,155,155
original_rate_100,156,1560000,1560000,156,156,156
original_rate_100,157,1570000,1570000,157,157,157
original_rate_100,158,1580000,1580000,158,158,158
original_rate_100,159,1590000,1590000,159,159,159
original_rate_100,160,1600000,1600000,160,160,160
original_rate_100,161,1610000,1610000,161,161,161
original_rate_100,162,1620000,1620000,162,162,162
original_rate_100,163,1630000,1630000,163,163,163
original_rate_100,164,1640000,1640000,164,164,164
original_rate_100,165,1650000,1650000,165,165,165
original_rate_100,166,1660000,1660000,166,166,166
original_rate_100,167,1670000,1670000,167,167,167
original_rate_100,168,1680000,1680000,168,168,168
original_rate_100,169,1690000,1690000,169,169,169
original_rate_100,170,1700000,1700000,170,170,170
original_rate_100,171,1710000,1710000,171,171,171
original_rate_100,172,1720000,1720000,172,172,172
original_rate_100,173,1730000,1730000,173,173,173
original_rate_100,174,1740000,1740000,174,174,174
original_rate_100,175,1750000,1750000,175,175,175
original_rate_100,176,1760000,1760000,176,176,176
original_rate_100,177,1770000,1770000,177,177,177
original_rate_100,178,1780000,1780000,178,178,178
original_rate_100,179,1790000,1790000,179,179,179
original_rate_100,180,1800000,1800000,180,180,180
original_rate_100,181,1810000,1810000,181,181,181
original_rate_100,182,1820000,1820000,182,182,182
original_rate_100,183,1830000,1830000,183,183,183
original_rate_100,184,1840000,1840000,184,184,184
original_rate_100,185,1850000,1850000,185,185,185
original_rate_100,186,1860000,1860000,186,186,186
original_rate_100,187,1870000,1870000,187,187,187
original_rate_100,188,1880000,1880000,188,188,188
original_rate_100,189,1890000,1890000,189,189,189
original_rate_100,190,1900000,1900000,190,190,190
original_rate_100,191,1910000,1910000,191,191,191
original_rate_100,192,1920000,1920000,192,192,192
original_rate_100,193,1930000,1930000,193,193,193
original_rate_100,194,1940000,1940000,194,194,194
original_rate_100,195,1950000,1950000,195,195,195
original_rate_100,196,1960000,1960000,196,196,196
original_rate_100,197,1970000,1970000,197,197,197
original_rate_100,198,1980000,1980000,198,198,198
original_rate_100,199,1990000,1990000,199,199,199
original_rate_100,200,2000000,2000000,200,200,200
original_goto_negative_500,1,2000,2002000,199,199,201
original_goto_negative_500,2,4000,2004000,198,198,202
original_goto_negative_500,3,6000,2006000,197,197,203
original_goto_negative_500,4,8000,2008000,196,196,204
original_goto_negative_500,5,10000,2010000,195,195,205
original_goto_negative_500,6,12000,2012000,194,194,206
original_goto_negative_500,7,14000,2014000,193,193,207
original_goto_negative_500,8,16000,2016000,192,192,208
original_goto_negative_500,9,18000,2018000,191,191,209
original_goto_negative_500,10,20000,2020000,190,190,210
original_goto_negative_500,11,22000,2022000,189,189,211
original_goto_negative_500,12,24000,2024000,188,188,212
original_goto_negative_500,13,26000,2026000,187,187,213
original_goto_negative_500,14,28000,2028000,186,186,214
original_goto_negative_500,15,30000,2030000,185,185,215
original_goto_negative_500,16,32000,2032000,184,184,216
original_goto_negative_500,17,34000,2034000,183,183,217
original_goto_negative_500,18,36000,2036000,182,182,218
original_goto_negative_500,19,38000,2038000,181,181,219
original_goto_negative_500,20,40000,2040000,180,180,220
original_goto_negative_500,21,42000,2042000,179,179,221
original_goto_negative_500,22,44000,2044000,178,178,222
original_goto_negative_500,23,46000,2046000,177,177,223
original_goto_negative_500,24,48000,2048000,176,176,224
original_goto_negative_500,25,50000,2050000,175,175,225
original_goto_negative_500,26,52000,2052000,174,174,226
original_goto_negative_500,27,54000,2054000,173,173,227
original_goto_negative_500,28,56000,2056000,172,172,228
original_goto_negative_500,29,58000,2058000,171,171,229
original_goto_negative_500,30,60000,2060000,170,170,230
original_goto_negative_500,31,62000,2062000,169,169,231
original_goto_negative_500,32,64000,2064000,168,168,232
original_goto_negative_500,33,66000,2066000,167,167,233
original_goto_negative_500,34,68000,2068000,166,166,234
original_goto_negative_500,35,70000,2070000,165,165,235
original_goto_negative_500,36,72000,2072000,164,164,236
original_goto_negative_500,37,74000,2074000,163,163,237
original_goto_negative_500,38,76000,2076000,162,162,238
original_goto_negative_500,39,78000,2078000,161,161,239
original_goto_negative_500,40,80000,2080000,160,160,240
original_goto_negative_500,41,82000,2082000,159,159,241
original_goto_negative_500,42,84000,2084000,158,158,242
original_goto_negative_500,43,86000,2086000,157,157,243
original_goto_negative_500,44,88000,2088000,156,156,244
original_goto_negative_500,45,90000,2090000,155,155,245
original_goto_negative_500,46,92000,2092000,154,154,246
original_goto_negative_500,47,94000,2094000,153,153,247
original_goto_negative_500,48,96000,2096000,152,152,248
original_goto_negative_500,49,98000,2098000,151,151,249
original_goto_negative_500,50,100000,2100000,150,150,250
original_goto_negative_500,51,102000,2102000,149,149,251
original_goto_negative_500,52,104000,2104000,148,148,252
original_goto_negative_500,53,106000,2106000,147,147,253
original_goto_negative_500,54,108000,2108000,146,146,254
original_goto_negative_500,55,110000,2110000,145,145,255
original_goto_negative_500,56,112000,2112000,144,144,256
original_goto_negative_500,57,114000,2114000,143,143,257
original_goto_negative_500,58,116000,2116000,142,142,258
original_goto_negative_500,59,118000,2118000,141,141,259
original_goto_negative_500,60,120000,2120000,140,140,260
original_goto_negative_500,61,122000,2122000,139,139,261
original_goto_negative_500,62,124000,2124000,138,138,262
original_goto_negative_500,63,126000,2126000,137,137,263
original_goto_negative_500,64,128000,2128000,136,136,264
original_goto_negative_500,65,130000,2130000,135,135,265
original_goto_negative_500,66,132000,2132000,134,134,266
original_goto_negative_500,67,134000,2134000,133,133,267
original_goto_negative_500,68,136000,2136000,132,132,268
original_goto_negative_500,69,138000,2138000,131,131,269
original_goto_negative_500,70,140000,2140000,130,130,270
original_goto_negative_500,71,142000,2142000,129,129,271
original_goto_negative_500,72,144000,2144000,128,128,272
original_goto_negative_500,73,146000,2146000,127,127,273
original_goto_negative_500,74,148000,2148000,126,126,274
original_goto_negative_500,75,150000,2150000,125,125,275
original_goto_negative_500,76,152000,2152000,124,124,276
original_goto_negative_500,77,154000,2154000,123,123,277
original_goto_negative_500,78,156000,2156000,122,122,278
original_goto_negative_500,79,158000,2158000,121,121,279
original_goto_negative_500,80,160000,2160000,120,120,280
original_goto_negative_500,81,162000,2162000,119,119,281
original_goto_negative_500,82,164000,2164000,118,118,282
original_goto_negative_500,83,166000,2166000,117,117,283
original_goto_negative_500,84,168000,2168000,116,116,284
original_goto_negative_500,85,170000,2170000,115,115,285
original_goto_negative_500,86,172000,2172000,114,114,286
original_goto_negative_500,87,174000,2174000,113,113,287
original_goto_negative_500,88,176000,2176000,112,112,288
original_goto_negative_500,89,178000,2178000,111,111,289
original_goto_negative_500,90,180000,2180000,110,110,290
original_goto_negative_500,91,182000,2182000,109,109,291
original_goto_negative_500,92,184000,2184000,108,108,292
original_goto_negative_500,93,186000,2186000,107,107,293
original_goto_negative_500,94,188000,2188000,106,106,294
original_goto_negative_500,95,190000,2190000,105,105,295
original_goto_negative_500,96,192000,2192000,104,104,296
original_goto_negative_500,97,194000,2194000,103,103,297
original_goto_negative_500,98,196000,2196000,102,102,298
original_goto_negative_500,99,198000,2198000,101,101,299
original_goto_negative_500,100,200000,2200000,100,100,300
original_goto_negative_500,101,202000,2202000,99,99,301
original_goto_negative_500,102,204000,2204000,98,98,302
original_goto_negative_500,103,206000,2206000,97,97,303
original_goto_negative_500,104,208000,2208000,96,96,304
original_goto_negative_500,105,210000,2210000,95,95,305
original_goto_negative_500,106,212000,2212000,94,94,306
original_goto_negative_500,107,214000,2214000,93,93,307
original_goto_negative_500,108,216000,2216000,92,92,308
original_goto_negative_500,109,218000,2218000,91,91,309
original_goto_negative_500,110,220000,2220000,90,90,310
original_goto_negative_500,111,222000,2222000,89,89,311
original_goto_negative_500,112,224000,2224000,88,88,312
original_goto_negative_500,113,226000,2226000,87,87,313
original_goto_negative_500,114,228000,2228000,86,86,314
original_goto_negative_500,115,230000,2230000,85,85,315
original_goto_negative_500,116,232000,2232000,84,84,316
original_goto_negative_500,117,234000,2234000,83,83,317
original_goto_negative_500,118,236000,2236000,82,82,318
original_goto_negative_500,119,238000,2238000,81,81,319
original_goto_negative_500,120,240000,2240000,80,80,320
original_goto_negative_500,121,242000,2242000,79,79,321
original_goto_negative_500,122,244000,2244000,78,78,322
original_goto_negative_500,123,246000,2246000,77,77,323
original_goto_negative_500,124,248000,2248000,76,76,324
original_goto_negative_500,125,250000,2250000,75,75,325
original_goto_negative_500,126,252000,2252000,74,74,326
original_goto_negative_500,127,254000,2254000,73,73,327
original_goto_negative_500,128,256000,2256000,72,72,328
original_goto_negative_500,129,258000,2258000,71,71,329
original_goto_negative_500,130,260000,2260000,70,70,330
original_goto_negative_500,131,262000,2262000,69,69,331
original_goto_negative_500,132,264000,2264000,68,68,332
original_goto_negative_500,133,266000,2266000,67,67,333
original_goto_negative_500,134,268000,2268000,66,66,334
original_goto_negative_500,135,270000,2270000,65,65,335
original_goto_negative_500,136,272000,2272000,64,64,336
original_goto_negative_500,137,274000,2274000,63,63,337
original_goto_negative_500,138,276000,2276000,62,62,338
original_goto_negative_500,139,278000,2278000,61,61,339
original_goto_negative_500,140,280000,2280000,60,60,340
original_goto_negative_500,141,282000,2282000,59,59,341
original_goto_negative_500,142,284000,2284000,58,58,342
original_goto_negative_500,143,286000,2286000,57,57,343
original_goto_negative_500,144,288000,2288000,56,56,344
original_goto_negative_500,145,290000,2290000,55,55,345
original_goto_negative_500,146,292000,2292000,54,54,346
original_goto_negative_500,147,294000,2294000,53,53,347
original_goto_negative_500,148,296000,2296000,52,52,348
original_goto_negative_500,149,298000,2298000,51,51,349
original_goto_negative_500,150,300000,2300000,50,50,350
original_goto_negative_500,151,302000,2302000,49,49,351
original_goto_negative_500,152,304000,2304000,48,48,352
original_goto_negative_500,153,306000,2306000,47,47,353
original_goto_negative_500,154,308000,2308000,46,46,354
original_goto_negative_500,155,310000,2310000,45,45,355
original_goto_negative_500,156,312000,2312000,44,44,356
original_goto_negative_500,157,314000,2314000,43,43,357
original_goto_negative_500,158,316000,2316000,42,42,358
original_goto_negative_500,159,318000,2318000,41,41,359
original_goto_negative_500,160,320000,2320000,40,40,360
original_goto_negative_500,161,322000,2322000,39,39,361
original_goto_negative_500,162,324000,2324000,38,38,362
original_goto_negative_500,163,326000,2326000,37,37,363
original_goto_negative_500,164,328000,2328000,36,36,364
original_goto_negative_500,165,330000,2330000,35,35,365
original_goto_negative_500,166,332000,2332000,34,34,366
original_goto_negative_500,167,334000,2334000,33,33,367
original_goto_negative_500,168,336000,2336000,32,32,368
original_goto_negative_500,169,338000,2338000,31,31,369
original_goto_negative_500,170,340000,2340000,30,30,370
original_goto_negative_500,171,342000,2342000,29,29,371
original_goto_negative_500,172,344000,2344000,28,28,372
original_goto_negative_500,173,346000,2346000,27,27,373
original_goto_negative_500,174,348000,2348000,26,26,374
original_goto_negative_500,175,350000,2350000,25,25,375
original_goto_negative_500,176,352000,2352000,24,24,376
original_goto_negative_500,177,354000,2354000,23,23,377
original_goto_negative_500,178,356000,2356000,22,22,378
original_goto_negative_500,179,358000,2358000,21,21,379
original_goto_negative_500,180,360000,2360000,20,20,380
original_goto_negative_500,181,362000,2362000,19,19,381
original_goto_negative_500,182,364000,2364000,18,18,382
original_goto_negative_500,183,366000,2366000,17,17,383
original_goto_negative_500,184,368000,2368000,16,16,384
original_goto_negative_500,185,370000,2370000,15,15,385
original_goto_negative_500,186,372000,2372000,14,14,386
original_goto_negative_500,187,374000,2374000,13,13,387
original_goto_negative_500,188,376000,2376000,12,12,388
original_goto_negative_500,189,378000,2378000,11,11,389
original_goto_negative_500,190,380000,2380000,10,10,390
original_goto_negative_500,191,382000,2382000,9,9,391
original_goto_negative_500,192,384000,2384000,8,8,392
original_goto_negative_500,193,386000,2386000,7,7,393
original_goto_negative_500,194,388000,2388000,6,6,394
original_goto_negative_500,195,390000,2390000,5,5,395
original_goto_negative_500,196,392000,2392000,4,4,396
original_goto_negative_500,197,394000,2394000,3,3,397
original_goto_negative_500,198,396000,2396000,2,2,398
original_goto_negative_500,199,398000,2398000,1,1,399
original_goto_negative_500,200,400000,2400000,0,0,400
original_goto_negative_500,201,402000,2402000,-1,-1,401
original_goto_negative_500,202,404000,2404000,-2,-2,402
original_goto_negative_500,203,406000,2406000,-3,-3,403
original_goto_negative_500,204,408000,2408000,-4,-4,404
original_goto_negative_500,205,410000,2410000,-5,-5,405
original_goto_negative_500,206,412000,2412000,-6,-6,406
original_goto_negative_500,207,414000,2414000,-7,-7,407
original_goto_negative_500,208,416000,2416000,-8,-8,408
original_goto_negative_500,209,418000,2418000,-9,-9,409
original_goto_negative_500,210,420000,2420000,-10,-10,410
original_goto_negative_500,211,422000,2422000,-11,-11,411
original_goto_negative_500,212,424000,2424000,-12,-12,412
original_goto_negative_500,213,426000,2426000,-13,-13,413
original_goto_negative_500,214,428000,2428000,-14,-14,414
original_goto_negative_500,215,430000,2430000,-15,-15,415
original_goto_negative_500,216,432000,2432000,-16,-16,416
original_goto_negative_500,217,434000,2434000,-17,-17,417
original_goto_negative_500,218,436000,2436000,-18,-18,418
original_goto_negative_500,219,438000,2438000,-19,-19,419
original_goto_negative_500,220,440000,2440000,-20,-20,420
original_goto_negative_500,221,442000,2442000,-21,-21,421
original_goto_negative_500,222,444000,2444000,-22,-22,422
original_goto_negative_500,223,446000,2446000,-23,-23,423
original_goto_negative_500,224,448000,2448000,-24,-24,424
original_goto_negative_500,225,450000,2450000,-25,-25,425
original_goto_negative_500,226,452000,2452000,-26,-26,426
original_goto_negative_500,227,454000,2454000,-27,-27,427
original_goto_negative_500,228,456000,2456000,-28,-28,428
original_goto_negative_500,229,458000,2458000,-29,-29,429
original_goto_negative_500,230,460000,2460000,-30,-30,430
original_goto_negative_500,231,462000,2462000,-31,-31,431
original_goto_negative_500,232,464000,2464000,-32,-32,432
original_goto_negative_500,233,466000,2466000,-33,-33,433
original_goto_negative_500,234,468000,2468000,-34,-34,434
original_goto_negative_500,235,470000,2470000,-35,-35,435
original_goto_negative_500,236,472000,2472000,-36,-36,436
original_goto_negative_500,237,474000,2474000,-37,-37,437
original_goto_negative_500,238,476000,2476000,-38,-38,438
original_goto_negative_500,239,478000,2478000,-39,-39,439
original_goto_negative_500,240,480000,2480000,-40,-40,440
original_goto_negative_500,241,482000,2482000,-41,-41,441
original_goto_negative_500,242,484000,2484000,-42,-42,442
original_goto_negative_500,243,486000,2486000,-43,-43,443
original_goto_negative_500,244,488000,2488000,-44,-44,444
original_goto_negative_500,245,490000,2490000,-45,-45,445
original_goto_negative_500,246,492000,2492000,-46,-46,446
original_goto_negative_500,247,494000,2494000,-47,-47,447
original_goto_negative_500,248,496000,2496000,-48,-48,448
original_goto_negative_500,249,498000,2498000,-49,-49,449
original_goto_negative_500,250,500000,2500000,-50,-50,450
original_goto_negative_500,251,502000,2502000,-51,-51,451
original_goto_negative_500,252,504000,2504000,-52,-52,452
original_goto_negative_500,253,506000,2506000,-53,-53,453
original_goto_negative_500,254,508000,2508000,-54,-54,454
original_goto_negative_500,255,510000,2510000,-55,-55,455
original_goto_negative_500,256,512000,2512000,-56,-56,456
original_goto_negative_500,257,514000,2514000,-57,-57,457
original_goto_negative_500,258,516000,2516000,-58,-58,458
original_goto_negative_500,259,518000,2518000,-59,-59,459
original_goto_negative_500,260,520000,2520000,-60,-60,460
original_goto_negative_500,261,522000,2522000,-61,-61,461
original_goto_negative_500,262,524000,2524000,-62,-62,462
original_goto_negative_500,263,526000,2526000,-63,-63,463
original_goto_negative_500,264,528000,2528000,-64,-64,464
original_goto_negative_500,265,530000,2530000,-65,-65,465
original_goto_negative_500,266,532000,2532000,-66,-66,466
original_goto_negative_500,267,534000,2534000,-67,-67,467
original_goto_negative_500,268,536000,2536000,-68,-68,468
original_goto_negative_500,269,538000,2538000,-69,-69,469
original_goto_negative_500,270,540000,2540000,-70,-70,470
original_goto_negative_500,271,542000,2542000,-71,-71,471
original_goto_negative_500,272,544000,2544000,-72,-72,472
original_goto_negative_500,273,546000,2546000,-73,-73,473
original_goto_negative_500,274,548000,2548000,-74,-74,474
original_goto_negative_500,275,550000,2550000,-75,-75,475
original_goto_negative_500,276,552000,2552000,-76,-76,476
original_goto_negative_500,277,554000,2554000,-77,-77,477
original_goto_negative_500,278,556000,2556000,-78,-78,478
original_goto_negative_500,279,558000,2558000,-79,-79,479
original_goto_negative_500,280,560000,2560000,-80,-80,480
original_goto_negative_500,281,562000,2562000,-81,-81,481
original_goto_negative_500,282,564000,2564000,-82,-82,482
original_goto_negative_500,283,566000,2566000,-83,-83,483
original_goto_negative_500,284,568000,2568000,-84,-84,484
original_goto_negative_500,285,570000,2570000,-85,-85,485
original_goto_negative_500,286,572000,2572000,-86,-86,486
original_goto_negative_500,287,574000,2574000,-87,-87,487
original_goto_negative_500,288,576000,2576000,-88,-88,488
original_goto_negative_500,289,578000,2578000,-89,-89,489
original_goto_negative_500,290,580000,2580000,-90,-90,490
original_goto_negative_500,291,582000,2582000,-91,-91,491
original_goto_negative_500,292,584000,2584000,-92,-92,492
original_goto_negative_500,293,586000,2586000,-93,-93,493
original_goto_negative_500,294,588000,2588000,-94,-94,494
original_goto_negative_500,295,590000,2590000,-95,-95,495
original_goto_negative_500,296,592000,2592000,-96,-96,496
original_goto_negative_500,297,594000,2594000,-97,-97,497
original_goto_negative_500,298,596000,2596000,-98,-98,498
original_goto_negative_500,299,598000,2598000,-99,-99,499
original_goto_negative_500,300,600000,2600000,-100,-100,500
original_goto_negative_500,301,602000,2602000,-101,-101,501
original_goto_negative_500,302,604000,2604000,-102,-102,502
original_goto_negative_500,303,606000,2606000,-103,-103,503
original_goto_negative_500,304,608000,2608000,-104,-104,504
original_goto_negative_500,305,610000,2610000,-105,-105,505
original_goto_negative_500,306,612000,2612000,-106,-106,506
original_goto_negative_500,307,614000,2614000,-107,-107,507
original_goto_negative_500,308,616000,2616000,-108,-108,508
original_goto_negative_500,309,618000,2618000,-109,-109,509
original_goto_negative_500,310,620000,2620000,-110,-110,510
original_goto_negative_500,311,622000,2622000,-111,-111,511
original_goto_negative_500,312,624000,2624000,-112,-112,512
original_goto_negative_500,313,626000,2626000,-113,-113,513
original_goto_negative_500,314,628000,2628000,-114,-114,514
original_goto_negative_500,315,630000,2630000,-115,-115,515
original_goto_negative_500,316,632000,2632000,-116,-116,516
original_goto_negative_500,317,634000,2634000,-117,-117,517
original_goto_negative_500,318,636000,2636000,-118,-118,518
original_goto_negative_500,319,638000,2638000,-119,-119,519
original_goto_negative_500,320,640000,2640000,-120,-120,520
original_goto_negative_500,321,642000,2642000,-121,-121,521
original_goto_negative_500,322,644000,2644000,-122,-122,522
original_goto_negative_500,323,646000,2646000,-123,-123,523
original_goto_negative_500,324,648000,2648000,-124,-124,524
original_goto_negative_500,325,650000,2650000,-125,-125,525
original_goto_negative_500,326,652000,2652000,-126,-126,526
original_goto_negative_500,327,654000,2654000,-127,-127,527
original_goto_negative_500,328,656000,2656000,-128,-128,528
original_goto_negative_500,329,658000,2658000,-129,-129,529
original_goto_negative_500,330,660000,2660000,-130,-130,530
original_goto_negative_500,331,662000,2662000,-131,-131,531
original_goto_negative_500,332,664000,2664000,-132,-132,532
original_goto_negative_500,333,666000,2666000,-133,-133,533
original_goto_negative_500,334,668000,2668000,-134,-134,534
original_goto_negative_500,335,670000,2670000,-135,-135,535
original_goto_negative_500,336,672000,2672000,-136,-136,536
original_goto_negative_500,337,674000,2674000,-137,-137,537
original_goto_negative_500,338,676000,2676000,-138,-138,538
original_goto_negative_500,339,678000,2678000,-139,-139,539
original_goto_negative_500,340,680000,2680000,-140,-140,540
original_goto_negative_500,341,682000,2682000,-141,-141,541
original_goto_negative_500,342,684000,2684000,-142,-142,542
original_goto_negative_500,343,686000,2686000,-143,-143,543
original_goto_negative_500,344,688000,2688000,-144,-144,544
original_goto_negative_500,345,690000,2690000,-145,-145,545
original_goto_negative_500,346,692000,2692000,-146,-146,546
original_goto_negative_500,347,694000,2694000,-147,-147,547
original_goto_negative_500,348,696000,2696000,-148,-148,548
original_goto_negative_500,349,698000,2698000,-149,-149,549
original_goto_negative_500,350,700000,2700000,-150,-150,550
original_goto_negative_500,351,702000,2702000,-151,-151,551
original_goto_negative_500,352,704000,2704000,-152,-152,552
original_goto_negative_500,353,706000,2706000,-153,-153,553
original_goto_negative_500,354,708000,2708000,-154,-154,554
original_goto_negative_500,355,710000,2710000,-155,-155,555
original_goto_negative_500,356,712000,2712000,-156,-156,556
original_goto_negative_500,357,714000,2714000,-157,-157,557
original_goto_negative_500,358,716000,2716000,-158,-158,558
original_goto_negative_500,359,718000,2718000,-159,-159,559
original_goto_negative_500,360,720000,2720000,-160,-160,560
original_goto_negative_500,361,722000,2722000,-161,-161,561
original_goto_negative_500,362,724000,2724000,-162,-162,562
original_goto_negative_500,363,726000,2726000,-163,-163,563
original_goto_negative_500,364,728000,2728000,-164,-164,564
original_goto_negative_500,365,730000,2730000,-165,-165,565
original_goto_negative_500,366,732000,2732000,-166,-166,566
original_goto_negative_500,367,734000,2734000,-167,-167,567
original_goto_negative_500,368,736000,2736000,-168,-168,568
original_goto_negative_500,369,738000,2738000,-169,-169,569
original_goto_negative_500,370,740000,2740000,-170,-170,570
original_goto_negative_500,371,742000,2742000,-171,-171,571
original_goto_negative_500,372,744000,2744000,-172,-172,572
original_goto_negative_500,373,746000,2746000,-173,-173,573
original_goto_negative_500,374,748000,2748000,-174,-174,574
original_goto_negative_500,375,750000,2750000,-175,-175,575
original_goto_negative_500,376,752000,2752000,-176,-176,576
original_goto_negative_500,377,754000,2754000,-177,-177,577
original_goto_negative_500,378,756000,2756000,-178,-178,578
original_goto_negative_500,379,758000,2758000,-179,-179,579
original_goto_negative_500,380,760000,2760000,-180,-180,580
original_goto_negative_500,381,762000,2762000,-181,-181,581
original_goto_negative_500,382,764000,2764000,-182,-182,582
original_goto_negative_500,383,766000,2766000,-183,-183,583
original_goto_negative_500,384,768000,2768000,-184,-184,584
original_goto_negative_500,385,770000,2770000,-185,-185,585
original_goto_negative_500,386,772000,2772000,-186,-186,586
original_goto_negative_500,387,774000,2774000,-187,-187,587
original_goto_negative_500,388,776000,2776000,-188,-188,588
original_goto_negative_500,389,778000,2778000,-189,-189,589
original_goto_negative_500,390,780000,2780000,-190,-190,590
original_goto_negative_500,391,782000,2782000,-191,-191,591
original_goto_negative_500,392,784000,2784000,-192,-192,592
original_goto_negative_500,393,786000,2786000,-193,-193,593
original_goto_negative_500,394,788000,2788000,-194,-194,594
original_goto_negative_500,395,790000,2790000,-195,-195,595
original_goto_negative_500,396,792000,2792000,-196,-196,596
original_goto_negative_500,397,794000,2794000,-197,-197,597
original_goto_negative_500,398,796000,2796000,-198,-198,598
original_goto_negative_500,399,798000,2798000,-199,-199,599
original_goto_negative_500,400,800000,2800000,-200,-200,600
original_goto_negative_500,401,802000,2802000,-201,-201,601
original_goto_negative_500,402,804000,2804000,-202,-202,602
original_goto_negative_500,403,806000,2806000,-203,-203,603
original_goto_negative_500,404,808000,2808000,-204,-204,604
original_goto_negative_500,405,810000,2810000,-205,-205,605
original_goto_negative_500,406,812000,2812000,-206,-206,606
original_goto_negative_500,407,814000,2814000,-207,-207,607
original_goto_negative_500,408,816000,2816000,-208,-208,608
original_goto_negative_500,409,818000,2818000,-209,-209,609
original_goto_negative_500,410,820000,2820000,-210,-210,610
original_goto_negative_500,411,822000,2822000,-211,-211,611
original_goto_negative_500,412,824000,2824000,-212,-212,612
original_goto_negative_500,413,826000,2826000,-213,-213,613
original_goto_negative_500,414,828000,2828000,-214,-214,614
original_goto_negative_500,415,830000,2830000,-215,-215,615
original_goto_negative_500,416,832000,2832000,-216,-216,616
original_goto_negative_500,417,834000,2834000,-217,-217,617
original_goto_negative_500,418,836000,2836000,-218,-218,618
original_goto_negative_500,419,838000,2838000,-219,-219,619
original_goto_negative_500,420,840000,2840000,-220,-220,620
original_goto_negative_500,421,842000,2842000,-221,-221,621
original_goto_negative_500,422,844000,2844000,-222,-222,622
original_goto_negative_500,423,846000,2846000,-223,-223,623
original_goto_negative_500,424,848000,2848000,-224,-224,624
original_goto_negative_500,425,850000,2850000,-225,-225,625
original_goto_negative_500,426,852000,2852000,-226,-226,626
original_goto_negative_500,427,854000,2854000,-227,-227,627
original_goto_negative_500,428,856000,2856000,-228,-228,628
original_goto_negative_500,429,858000,2858000,-229,-229,629
original_goto_negative_500,430,860000,2860000,-230,-230,630
original_goto_negative_500,431,862000,2862000,-231,-231,631
original_goto_negative_500,432,864000,2864000,-232,-232,632
original_goto_negative_500,433,866000,2866000,-233,-233,633
original_goto_negative_500,434,868000,2868000,-234,-234,634
original_goto_negative_500,435,870000,2870000,-235,-235,635
original_goto_negative_500,436,872000,2872000,-236,-236,636
original_goto_negative_500,437,874000,2874000,-237,-237,637
original_goto_negative_500,438,876000,2876000,-238,-238,638
original_goto_negative_500,439,878000,2878000,-239,-239,639
original_goto_negative_500,440,880000,2880000,-240,-240,640
original_goto_negative_500,441,882000,2882000,-241,-241,641
original_goto_negative_500,442,884000,2884000,-242,-242,642
original_goto_negative_500,443,886000,2886000,-243,-243,643
original_goto_negative_500,444,888000,2888000,-244,-244,644
original_goto_negative_500,445,890000,2890000,-245,-245,645
original_goto_negative_500,446,892000,2892000,-246,-246,646
original_goto_negative_500,447,894000,2894000,-247,-247,647
original_goto_negative_500,448,896000,2896000,-248,-248,648
original_goto_negative_500,449,898000,2898000,-249,-249,649
original_goto_negative_500,450,900000,2900000,-250,-250,650
original_goto_negative_500,451,902000,2902000,-251,-251,651
original_goto_negative_500,452,904000,2904000,-252,-252,652
original_goto_negative_500,453,906000,2906000,-253,-253,653
original_goto_negative_500,454,908000,2908000,-254,-254,654
original_goto_negative_500,455,910000,2910000,-255,-255,655
original_goto_negative_500,456,912000,2912000,-256,-256,656
original_goto_negative_500,457,914000,2914000,-257,-257,657
original_goto_negative_500,458,916000,2916000,-258,-258,658
original_goto_negative_500,459,918000,2918000,-259,-259,659
original_goto_negative_500,460,920000,2920000,-260,-260,660
original_goto_negative_500,461,922000,2922000,-261,-261,661
original_goto_negative_500,462,924000,2924000,-262,-262,662
original_goto_negative_500,463,926000,2926000,-263,-263,663
original_goto_negative_500,464,928000,2928000,-264,-264,664
original_goto_negative_500,465,930000,2930000,-265,-265,665
original_goto_negative_500,466,932000,2932000,-266,-266,666
original_goto_negative_500,467,934000,2934000,-267,-267,667
original_goto_negative_500,468,936000,2936000,-268,-268,668
original_goto_negative_500,469,938000,2938000,-269,-269,669
original_goto_negative_500,470,940000,2940000,-270,-270,670
original_goto_negative_500,471,942000,2942000,-271,-271,671
original_goto_negative_500,472,944000,2944000,-272,-272,672
original_goto_negative_500,473,946000,2946000,-273,-273,673
original_goto_negative_500,474,948000,2948000,-274,-274,674
original_goto_negative_500,475,950000,2950000,-275,-275,675
original_goto_negative_500,476,952000,2952000,-276,-276,676
original_goto_negative_500,477,954000,2954000,-277,-277,677
original_goto_negative_500,478,956000,2956000,-278,-278,678
original_goto_negative_500,479,958000,2958000,-279,-279,679
original_goto_negative_500,480,960000,2960000,-280,-280,680
original_goto_negative_500,481,962000,2962000,-281,-281,681
original_goto_negative_500,482,964000,2964000,-282,-282,682
original_goto_negative_500,483,966000,2966000,-283,-283,683
original_goto_negative_500,484,968000,2968000,-284,-284,684
original_goto_negative_500,485,970000,2970000,-285,-285,685
original_goto_negative_500,486,972000,2972000,-286,-286,686
original_goto_negative_500,487,974000,2974000,-287,-287,687
original_goto_negative_500,488,976000,2976000,-288,-288,688
original_goto_negative_500,489,978000,2978000,-289,-289,689
original_goto_negative_500,490,980000,2980000,-290,-290,690
original_goto_negative_500,491,982000,2982000,-291,-291,691
original_goto_negative_500,492,984000,2984000,-292,-292,692
original_goto_negative_500,493,986000,2986000,-293,-293,693
original_goto_negative_500,494,988000,2988000,-294,-294,694
original_goto_negative_500,495,990000,2990000,-295,-295,695
original_goto_negative_500,496,992000,2992000,-296,-296,696
original_goto_negative_500,497,994000,2994000,-297,-297,697
original_goto_negative_500,498,996000,2996000,-298,-298,698
original_goto_negative_500,499,998000,2998000,-299,-299,699
original_goto_negative_500,500,1000000,3000000,-300,-300,700
original_goto_negative_500,501,1002000,3002000,-301,-301,701
original_goto_negative_500,502,1004000,3004000,-302,-302,702
original_goto_negative_500,503,1006000,3006000,-303,-303,703
original_goto_negative_500,504,1008000,3008000,-304,-304,704
original_goto_negative_500,505,1010000,3010000,-305,-305,705
original_goto_negative_500,506,1012000,3012000,-306,-306,706
original_goto_negative_500,507,1014000,3014000,-307,-307,707
original_goto_negative_500,508,1016000,3016000,-308,-308,708
original_goto_negative_500,509,1018000,3018000,-309,-309,709
original_goto_negative_500,510,1020000,3020000,-310,-310,710
original_goto_negative_500,511,1022000,3022000,-311,-311,711
original_goto_negative_500,512,1024000,3024000,-312,-312,712
original_goto_negative_500,513,1026000,3026000,-313,-313,713
original_goto_negative_500,514,1028000,3028000,-314,-314,714
original_goto_negative_500,515,1030000,3030000,-315,-315,715
original_goto_negative_500,516,1032000,3032000,-316,-316,716
original_goto_negative_500,517,1034000,3034000,-317,-317,717
original_goto_negative_500,518,1036000,3036000,-318,-318,718
original_goto_negative_500,519,1038000,3038000,-319,-319,719
original_goto_negative_500,520,1040000,3040000,-320,-320,720
original_goto_negative_500,521,1042000,3042000,-321,-321,721
original_goto_negative_500,522,1044000,3044000,-322,-322,722
original_goto_negative_500,523,1046000,3046000,-323,-323,723
original_goto_negative_500,524,1048000,3048000,-324,-324,724
original_goto_negative_500,525,1050000,3050000,-325,-325,725
original_goto_negative_500,526,1052000,3052000,-326,-326,726
original_goto_negative_500,527,1054000,3054000,-327,-327,727
original_goto_negative_500,528,1056000,3056000,-328,-328,728
original_goto_negative_500,529,1058000,3058000,-329,-329,729
original_goto_negative_500,530,1060000,3060000,-330,-330,730
original_goto_negative_500,531,1062000,3062000,-331,-331,731
original_goto_negative_500,532,1064000,3064000,-332,-332,732
original_goto_negative_500,533,1066000,3066000,-333,-333,733
original_goto_negative_500,534,1068000,3068000,-334,-334,734
original_goto_negative_500,535,1070000,3070000,-335,-335,735
original_goto_negative_500,536,1072000,3072000,-336,-336,736
original_goto_negative_500,537,1074000,3074000,-337,-337,737
original_goto_negative_500,538,1076000,3076000,-338,-338,738
original_goto_negative_500,539,1078000,3078000,-339,-339,739
original_goto_negative_500,540,1080000,3080000,-340,-340,740
original_goto_negative_500,541,1082000,3082000,-341,-341,741
original_goto_negative_500,542,1084000,3084000,-342,-342,742
original_goto_negative_500,543,1086000,3086000,-343,-343,743
original_goto_negative_500,544,1088000,3088000,-344,-344,744
original_goto_negative_500,545,1090000,3090000,-345,-345,745
original_goto_negative_500,546,1092000,3092000,-346,-346,746
original_goto_negative_500,547,1094000,3094000,-347,-347,747
original_goto_negative_500,548,1096000,3096000,-348,-348,748
original_goto_negative_500,549,1098000,3098000,-349,-349,749
original_goto_negative_500,550,1100000,3100000,-350,-350,750
original_goto_negative_500,551,1102000,3102000,-351,-351,751
original_goto_negative_500,552,1104000,3104000,-352,-352,752
original_goto_negative_500,553,1106000,3106000,-353,-353,753
original_goto_negative_500,554,1108000,3108000,-354,-354,754
original_goto_negative_500,555,1110000,3110000,-355,-355,755
original_goto_negative_500,556,1112000,3112000,-356,-356,756
original_goto_negative_500,557,1114000,3114000,-357,-357,757
original_goto_negative_500,558,1116000,3116000,-358,-358,758
original_goto_negative_500,559,1118000,3118000,-359,-359,759
original_goto_negative_500,560,1120000,3120000,-360,-360,760
original_goto_negative_500,561,1122000,3122000,-361,-361,761
original_goto_negative_500,562,1124000,3124000,-362,-362,762
original_goto_negative_500,563,1126000,3126000,-363,-363,763
original_goto_negative_500,564,1128000,3128000,-364,-364,764
original_goto_negative_500,565,1130000,3130000,-365,-365,765
original_goto_negative_500,566,1132000,3132000,-366,-366,766
original_goto_negative_500,567,1134000,3134000,-367,-367,767
original_goto_negative_500,568,1136000,3136000,-368,-368,768
original_goto_negative_500,569,1138000,3138000,-369,-369,769
original_goto_negative_500,570,1140000,3140000,-370,-370,770
original_goto_negative_500,571,1142000,3142000,-371,-371,771
original_goto_negative_500,572,1144000,3144000,-372,-372,772
original_goto_negative_500,573,1146000,3146000,-373,-373,773
original_goto_negative_500,574,1148000,3148000,-374,-374,774
original_goto_negative_500,575,1150000,3150000,-375,-375,775
original_goto_negative_500,576,1152000,3152000,-376,-376,776
original_goto_negative_500,577,1154000,3154000,-377,-377,777
original_goto_negative_500,578,1156000,3156000,-378,-378,778
original_goto_negative_500,579,1158000,3158000,-379,-379,779
original_goto_negative_500,580,1160000,3160000,-380,-380,780
original_goto_negative_500,581,1162000,3162000,-381,-381,781
original_goto_negative_500,582,1164000,3164000,-382,-382,782
original_goto_negative_500,583,1166000,3166000,-383,-383,783
original_goto_negative_500,584,1168000,3168000,-384,-384,784
original_goto_negative_500,585,1170000,3170000,-385,-385,785
original_goto_negative_500,586,1172000,3172000,-386,-386,786
original_goto_negative_500,587,1174000,3174000,-387,-387,787
original_goto_negative_500,588,1176000,3176000,-388,-388,788
original_goto_negative_500,589,1178000,3178000,-389,-389,789
original_goto_negative_500,590,1180000,3180000,-390,-390,790
original_goto_negative_500,591,1182000,3182000,-391,-391,791
original_goto_negative_500,592,1184000,3184000,-392,-392,792
original_goto_negative_500,593,1186000,3186000,-393,-393,793
original_goto_negative_500,594,1188000,3188000,-394,-394,794
original_goto_negative_500,595,1190000,3190000,-395,-395,795
original_goto_negative_500,596,1192000,3192000,-396,-396,796
original_goto_negative_500,597,1194000,3194000,-397,-397,797
original_goto_negative_500,598,1196000,3196000,-398,-398,798
original_goto_negative_500,599,1198000,3198000,-399,-399,799
original_goto_negative_500,600,1200000,3200000,-400,-400,800
original_goto_negative_500,601,1202000,3202000,-401,-401,801
original_goto_negative_500,602,1204000,3204000,-402,-402,802
original_goto_negative_500,603,1206000,3206000,-403,-403,803
original_goto_negative_500,604,1208000,3208000,-404,-404,804
original_goto_negative_500,605,1210000,3210000,-405,-405,805
original_goto_negative_500,606,1212000,3212000,-406,-406,806
original_goto_negative_500,607,1214000,3214000,-407,-407,807
original_goto_negative_500,608,1216000,3216000,-408,-408,808
original_goto_negative_500,609,1218000,3218000,-409,-409,809
original_goto_negative_500,610,1220000,3220000,-410,-410,810
original_goto_negative_500,611,1222000,3222000,-411,-411,811
original_goto_negative_500,612,1224000,3224000,-412,-412,812
original_goto_negative_500,613,1226000,3226000,-413,-413,813
original_goto_negative_500,614,1228000,3228000,-414,-414,814
original_goto_negative_500,615,1230000,3230000,-415,-415,815
original_goto_negative_500,616,1232000,3232000,-416,-416,816
original_goto_negative_500,617,1234000,3234000,-417,-417,817
original_goto_negative_500,618,1236000,3236000,-418,-418,818
original_goto_negative_500,619,1238000,3238000,-419,-419,819
original_goto_negative_500,620,1240000,3240000,-420,-420,820
original_goto_negative_500,621,1242000,3242000,-421,-421,821
original_goto_negative_500,622,1244000,3244000,-422,-422,822
original_goto_negative_500,623,1246000,3246000,-423,-423,823
original_goto_negative_500,624,1248000,3248000,-424,-424,824
original_goto_negative_500,625,1250000,3250000,-425,-425,825
original_goto_negative_500,626,1252000,3252000,-426,-426,826
original_goto_negative_500,627,1254000,3254000,-427,-427,827
original_goto_negative_500,628,1256000,3256000,-428,-428,828
original_goto_negative_500,629,1258000,3258000,-429,-429,829
original_goto_negative_500,630,1260000,3260000,-430,-430,830
original_goto_negative_500,631,1262000,3262000,-431,-431,831
original_goto_negative_500,632,1264000,3264000,-432,-432,832
original_goto_negative_500,633,1266000,3266000,-433,-433,833
original_goto_negative_500,634,1268000,3268000,-434,-434,834
original_goto_negative_500,635,1270000,3270000,-435,-435,835
original_goto_negative_500,636,1272000,3272000,-436,-436,836
original_goto_negative_500,637,1274000,3274000,-437,-437,837
original_goto_negative_500,638,1276000,3276000,-438,-438,838
original_goto_negative_500,639,1278000,3278000,-439,-439,839
original_goto_negative_500,640,1280000,3280000,-440,-440,840
original_goto_negative_500,641,1282000,3282000,-441,-441,841
original_goto_negative_500,642,1284000,3284000,-442,-442,842
original_goto_negative_500,643,1286000,3286000,-443,-443,843
original_goto_negative_500,644,1288000,3288000,-444,-444,844
original_goto_negative_500,645,1290000,3290000,-445,-445,845
original_goto_negative_500,646,1292000,3292000,-446,-446,846
original_goto_negative_500,647,1294000,3294000,-447,-447,847
original_goto_negative_500,648,1296000,3296000,-448,-448,848
original_goto_negative_500,649,1298000,3298000,-449,-449,849
original_goto_negative_500,650,1300000,3300000,-450,-450,850
original_goto_negative_500,651,1302000,3302000,-451,-451,851
original_goto_negative_500,652,1304000,3304000,-452,-452,852
original_goto_negative_500,653,1306000,3306000,-453,-453,853
original_goto_negative_500,654,1308000,3308000,-454,-454,854
original_goto_negative_500,655,1310000,3310000,-455,-455,855
original_goto_negative_500,656,1312000,3312000,-456,-456,856
original_goto_negative_500,657,1314000,3314000,-457,-457,857
original_goto_negative_500,658,1316000,3316000,-458,-458,858
original_goto_negative_500,659,1318000,3318000,-459,-459,859
original_goto_negative_500,660,1320000,3320000,-460,-460,860
original_goto_negative_500,661,1322000,3322000,-461,-461,861
original_goto_negative_500,662,1324000,3324000,-462,-462,862
original_goto_negative_500,663,1326000,3326000,-463,-463,863
original_goto_negative_500,664,1328000,3328000,-464,-464,864
original_goto_negative_500,665,1330000,3330000,-465,-465,865
original_goto_negative_500,666,1332000,3332000,-466,-466,866
original_goto_negative_500,667,1334000,3334000,-467,-467,867
original_goto_negative_500,668,1336000,3336000,-468,-468,868
original_goto_negative_500,669,1338000,3338000,-469,-469,869
original_goto_negative_500,670,1340000,3340000,-470,-470,870
original_goto_negative_500,671,1342000,3342000,-471,-471,871
original_goto_negative_500,672,1344000,3344000,-472,-472,872
original_goto_negative_500,673,1346000,3346000,-473,-473,873
original_goto_negative_500,674,1348000,3348000,-474,-474,874
original_goto_negative_500,675,1350000,3350000,-475,-475,875
original_goto_negative_500,676,1352000,3352000,-476,-476,876
original_goto_negative_500,677,1354000,3354000,-477,-477,877
original_goto_negative_500,678,1356000,3356000,-478,-478,878
original_goto_negative_500,679,1358000,3358000,-479,-479,879
original_goto_negative_500,680,1360000,3360000,-480,-480,880
original_goto_negative_500,681,1362000,3362000,-481,-481,881
original_goto_negative_500,682,1364000,3364000,-482,-482,882
original_goto_negative_500,683,1366000,3366000,-483,-483,883
original_goto_negative_500,684,1368000,3368000,-484,-484,884
original_goto_negative_500,685,1370000,3370000,-485,-485,885
original_goto_negative_500,686,1372000,3372000,-486,-486,886
original_goto_negative_500,687,1374000,3374000,-487,-487,887
original_goto_negative_500,688,1376000,3376000,-488,-488,888
original_goto_negative_500,689,1378000,3378000,-489,-489,889
original_goto_negative_500,690,1380000,3380000,-490,-490,890
original_goto_negative_500,691,1382000,3382000,-491,-491,891
original_goto_negative_500,692,1384000,3384000,-492,-492,892
original_goto_negative_500,693,1386000,3386000,-493,-493,893
original_goto_negative_500,694,1388000,3388000,-494,-494,894
original_goto_negative_500,695,1390000,3390000,-495,-495,895
original_goto_negative_500,696,1392000,3392000,-496,-496,896
original_goto_negative_500,697,1394000,3394000,-497,-497,897
original_goto_negative_500,698,1396000,3396000,-498,-498,898
original_goto_negative_500,699,1398000,3398000,-499,-499,899
original_goto_negative_500,700,1400000,3400000,-500,-500,900
fractional_rate_negative_37_5,1,27000,27000,-1,-1,1
fractional_rate_negative_37_5,2,54000,54000,-2,-2,2
fractional_rate_negative_37_5,3,80000,80000,-3,-3,3
fractional_rate_negative_37_5,4,107000,107000,-4,-4,4
fractional_rate_negative_37_5,5,134000,134000,-5,-5,5
fractional_rate_negative_37_5,6,160000,160000,-6,-6,6
fractional_rate_negative_37_5,7,187000,187000,-7,-7,7
fractional_rate_negative_37_5,8,214000,214000,-8,-8,8
fractional_rate_negative_37_5,9,240000,240000,-9,-9,9
fractional_rate_negative_37_5,10,267000,267000,-10,-10,10
fractional_rate_negative_37_5,11,294000,294000,-11,-11,11
fractional_rate_negative_37_5,12,320000,320000,-12,-12,12
fractional_rate_negative_37_5,13,347000,347000,-13,-13,13
fractional_rate_negative_37_5,14,374000,374000,-14,-14,14
fractional_rate_negative_37_5,15,400000,400000,-15,-15,15
fractional_rate_negative_37_5,16,427000,427000,-16,-16,16
fractional_rate_negative_37_5,17,454000,454000,-17,-17,17
fractional_rate_negative_37_5,18,480000,480000,-18,-18,18
fractional_rate_negative_37_5,19,507000,507000,-19,-19,19
fractional_rate_negative_37_5,20,534000,534000,-20,-20,20
fractional_rate_negative_37_5,21,560000,560000,-21,-21,21
fractional_rate_negative_37_5,22,587000,587000,-22,-22,22
fractional_rate_negative_37_5,23,614000,614000,-23,-23,23
fractional_rate_negative_37_5,24,640000,640000,-24,-24,24
fractional_rate_negative_37_5,25,667000,667000,-25,-25,25
fractional_rate_negative_37_5,26,694000,694000,-26,-26,26
fractional_rate_negative_37_5,27,720000,720000,-27,-27,27
fractional_rate_negative_37_5,28,747000,747000,-28,-28,28
fractional_rate_negative_37_5,29,774000,774000,-29,-29,29
fractional_rate_negative_37_5,30,800000,800000,-30,-30,30
fractional_rate_negative_37_5,31,827000,827000,-31,-31,31
fractional_rate_negative_37_5,32,854000,854000,-32,-32,32
fractional_rate_negative_37_5,33,880000,880000,-33,-33,33
fractional_rate_negative_37_5,34,907000,907000,-34,-34,34
fractional_rate_negative_37_5,35,934000,934000,-35,-35,35
fractional_rate_negative_37_5,36,960000,960000,-36,-36,36
fractional_rate_negative_37_5,37,987000,987000,-37,-37,37
fractional_rate_negative_37_5,38,1014000,1014000,-38,-38,38
fractional_rate_negative_37_5,39,1040000,1040000,-39,-39,39
fractional_rate_negative_37_5,40,1067000,1067000,-40,-40,40
fractional_rate_negative_37_5,41,1094000,1094000,-41,-41,41
fractional_rate_negative_37_5,42,1120000,1120000,-42,-42,42
fractional_rate_negative_37_5,43,1147000,1147000,-43,-43,43
fractional_rate_negative_37_5,44,1174000,1174000,-44,-44,44
fractional_rate_negative_37_5,45,1200000,1200000,-45,-45,45
fractional_rate_negative_37_5,46,1227000,1227000,-46,-46,46
fractional_rate_negative_37_5,47,1254000,1254000,-47,-47,47
fractional_rate_negative_37_5,48,1280000,1280000,-48,-48,48
fractional_rate_negative_37_5,49,1307000,1307000,-49,-49,49
fractional_rate_negative_37_5,50,1334000,1334000,-50,-50,50
fractional_rate_negative_37_5,51,1360000,1360000,-51,-51,51
fractional_rate_negative_37_5,52,1387000,1387000,-52,-52,52
fractional_rate_negative_37_5,53,1414000,1414000,-53,-53,53
fractional_rate_negative_37_5,54,1440000,1440000,-54,-54,54
fractional_rate_negative_37_5,55,1467000,1467000,-55,-55,55
fractional_rate_negative_37_5,56,1494000,1494000,-56,-56,56
fractional_rate_negative_37_5,57,1520000,1520000,-57,-57,57
fractional_rate_negative_37_5,58,1547000,1547000,-58,-58,58
fractional_rate_negative_37_5,59,1574000,1574000,-59,-59,59
fractional_rate_negative_37_5,60,1600000,1600000,-60,-60,60
fractional_rate_negative_37_5,61,1627000,1627000,-61,-61,61
fractional_rate_negative_37_5,62,1654000,1654000,-62,-62,62
fractional_rate_negative_37_5,63,1680000,1680000,-63,-63,63
fractional_rate_negative_37_5,64,1707000,1707000,-64,-64,64
fractional_rate_negative_37_5,65,1734000,1734000,-65,-65,65
fractional_rate_negative_37_5,66,1760000,1760000,-66,-66,66
fractional_rate_negative_37_5,67,1787000,1787000,-67,-67,67
fractional_rate_negative_37_5,68,1814000,1814000,-68,-68,68
fractional_rate_negative_37_5,69,1840000,1840000,-69,-69,69
fractional_rate_negative_37_5,70,1867000,1867000,-70,-70,70
fractional_rate_negative_37_5,71,1894000,1894000,-71,-71,71
fractional_rate_negative_37_5,72,1920000,1920000,-72,-72,72
fractional_rate_negative_37_5,73,1947000,1947000,-73,-73,73
fractional_rate_negative_37_5,74,1974000,1974000,-74,-74,74
fractional_rate_negative_37_5,75,2000000,2000000,-75,-75,75
fractional_rate_negative_37_5,76,2027000,2027000,-76,-76,76
fractional_rate_negative_37_5,77,2054000,2054000,-77,-77,77
fractional_rate_negative_37_5,78,2080000,2080000,-78,-78,78
fractional_rate_negative_37_5,79,2107000,2107000,-79,-79,79
fractional_rate_negative_37_5,80,2134000,2134000,-80,-80,80
fractional_rate_negative_37_5,81,2160000,2160000,-81,-81,81
fractional_rate_negative_37_5,82,2187000,2187000,-82,-82,82
fractional_rate_negative_37_5,83,2214000,2214000,-83,-83,83
fractional_rate_negative_37_5,84,2240000,2240000,-84,-84,84
fractional_rate_negative_37_5,85,2267000,2267000,-85,-85,85
fractional_rate_negative_37_5,86,2294000,2294000,-86,-86,86
fractional_rate_negative_37_5,87,2320000,2320000,-87,-87,87
fractional_rate_negative_37_5,88,2347000,2347000,-88,-88,88
fractional_rate_negative_37_5,89,2374000,2374000,-89,-89,89
fractional_rate_negative_37_5,90,2400000,2400000,-90,-90,90
fractional_rate_negative_37_5,91,2427000,2427000,-91,-91,91
fractional_rate_negative_37_5,92,2454000,2454000,-92,-92,92
fractional_rate_negative_37_5,93,2480000,2480000,-93,-93,93
fractional_rate_negative_37_5,94,2507000,2507000,-94,-94,94
fractional_rate_negative_37_5,95,2534000,2534000,-95,-95,95
fractional_rate_negative_37_5,96,2560000,2560000,-96,-96,96
fractional_rate_negative_37_5,97,2587000,2587000,-97,-97,97
fractional_rate_negative_37_5,98,2614000,2614000,-98,-98,98
fractional_rate_negative_37_5,99,2640000,2640000,-99,-99,99
fractional_rate_negative_37_5,100,2667000,2667000,-100,-100,100
fractional_rate_negative_37_5,101,2694000,2694000,-101,-101,101
fractional_rate_negative_37_5,102,2720000,2720000,-102,-102,102
fractional_rate_negative_37_5,103,2747000,2747000,-103,-103,103
fractional_rate_negative_37_5,104,2774000,2774000,-104,-104,104
fractional_rate_negative_37_5,105,2800000,2800000,-105,-105,105
fractional_rate_negative_37_5,106,2827000,2827000,-106,-106,106
fractional_rate_negative_37_5,107,2854000,2854000,-107,-107,107
fractional_rate_negative_37_5,108,2880000,2880000,-108,-108,108
fractional_rate_negative_37_5,109,2907000,2907000,-109,-109,109
fractional_rate_negative_37_5,110,2934000,2934000,-110,-110,110
fractional_rate_negative_37_5,111,2960000,2960000,-111,-111,111
fractional_rate_negative_37_5,112,2987000,2987000,-112,-112,112
fractional_rate_negative_37_5,113,3014000,3014000,-113,-113,113
fractional_rate_negative_37_5,114,3040000,3040000,-114,-114,114
fractional_rate_negative_37_5,115,3067000,3067000,-115,-115,115
fractional_rate_negative_37_5,116,3094000,3094000,-116,-116,116
fractional_rate_negative_37_5,117,3120000,3120000,-117,-117,117
fractional_rate_negative_37_5,118,3147000,3147000,-118,-118,118
fractional_rate_negative_37_5,119,3174000,3174000,-119,-119,119
fractional_rate_negative_37_5,120,3200000,3200000,-120,-120,120
fractional_rate_negative_37_5,121,3227000,3227000,-121,-121,121
fractional_rate_negative_37_5,122,3254000,3254000,-122,-122,122
fractional_rate_negative_37_5,123,3280000,3280000,-123,-123,123
fractional_rate_negative_37_5,124,3307000,3307000,-124,-124,124
fractional_rate_negative_37_5,125,3334000,3334000,-125,-125,125
fractional_rate_negative_37_5,126,3360000,3360000,-126,-126,126
fractional_rate_negative_37_5,127,3387000,3387000,-127,-127,127
fractional_rate_negative_37_5,128,3414000,3414000,-128,-128,128
fractional_rate_negative_37_5,129,3440000,3440000,-129,-129,129
fractional_rate_negative_37_5,130,3467000,3467000,-130,-130,130
fractional_rate_negative_37_5,131,3494000,3494000,-131,-131,131
fractional_rate_negative_37_5,132,3520000,3520000,-132,-132,132
fractional_rate_negative_37_5,133,3547000,3547000,-133,-133,133
fractional_rate_negative_37_5,134,3574000,3574000,-134,-134,134
fractional_rate_negative_37_5,135,3600000,3600000,-135,-135,135
fractional_rate_negative_37_5,136,3627000,3627000,-136,-136,136
fractional_rate_negative_37_5,137,3654000,3654000,-137,-137,137
fractional_rate_negative_37_5,138,3680000,3680000,-138,-138,138
fractional_rate_negative_37_5,139,3707000,3707000,-139,-139,139
fractional_rate_negative_37_5,140,3734000,3734000,-140,-140,140
fractional_rate_negative_37_5,141,3760000,3760000,-141,-141,141
fractional_rate_negative_37_5,142,3787000,3787000,-142,-142,142
fractional_rate_negative_37_5,143,3814000,3814000,-143,-143,143
fractional_rate_negative_37_5,144,3840000,3840000,-144,-144,144
fractional_rate_negative_37_5,145,3867000,3867000,-145,-145,145
fractional_rate_negative_37_5,146,3894000,3894000,-146,-146,146
fractional_rate_negative_37_5,147,3920000,3920000,-147,-147,147
fractional_rate_negative_37_5,148,3947000,3947000,-148,-148,148
fractional_rate_negative_37_5,149,3974000,3974000,-149,-149,149
fractional_rate_negative_37_5,150,4000000,4000000,-150,-150,150
micros_rollover_rate_1000,1,1000,4294963295,1,1,1
micros_rollover_rate_1000,2,2000,4294964295,2,2,2
micros_rollover_rate_1000,3,3000,4294965295,3,3,3
micros_rollover_rate_1000,4,4000,4294966295,4,4,4
micros_rollover_rate_1000,5,5000,4294967295,5,5,5
micros_rollover_rate_1000,6,6000,999,6,6,6
micros_rollover_rate_1000,7,7000,1999,7,7,7
micros_rollover_rate_1000,8,8000,2999,8,8,8
micros_rollover_rate_1000,9,9000,3999,9,9,9
micros_rollover_rate_1000,10,10000,4999,10,10,10
